"URL","Title","Chars Title","Description","Chars Desc","Status Title","Status Desc"
"/","Bicicleta Ergométrica: Compare Modelos e Preços 2026","52","Análises de 12 marcas de bicicleta ergométrica no Brasil: guias de uso por objetivo, comparativos e preços atualizados para escolher o modelo certo.","148","OK","OK"
"/404/","Página não encontrada","21","A página que você procura não existe ou foi movida. Explore nosso guia completo de bicicletas ergométricas.","107","OK","CURTO"
"/beneficios-bicicleta-ergometrica/","Benefícios da Bicicleta Ergométrica","35","Benefícios da bicicleta ergométrica: saúde cardiovascular, emagrecimento, reabilitação articular e controle da hipertensão. Evidências científicas e aplicações práticas.","169","OK","LONGO"
"/beneficios-bicicleta-ergometrica/bicicleta-ergometrica-para-coluna/","Bicicleta Ergométrica para Coluna","33","Como usar bicicleta ergométrica com segurança para hérnia de disco, escoliose e dor lombar. Postura correta, modelo ideal e quando evitar o uso.","144","OK","OK"
"/beneficios-bicicleta-ergometrica/bicicleta-ergometrica-para-hipertensao/","Bicicleta Ergométrica e Hipertensão","35","Bicicleta ergométrica para hipertensão: protocolo de intensidade moderada, frequência semanal e o que monitorar antes e depois de cada sessão.","142","OK","OK"
"/beneficios-bicicleta-ergometrica/bicicleta-ergometrica-para-joelho/","Bicicleta Ergométrica para Joelho","33","Como a bicicleta ergométrica beneficia o joelho: artrose, lesão de menisco e reabilitação. Regulagem correta do selim para proteger a articulação.","146","OK","OK"
"/beneficios-bicicleta-ergometrica/bicicleta-ergometrica-queima-calorias/","Bicicleta Ergométrica: Queima de Calorias","41","Tabela de calorias queimadas na bicicleta ergométrica por peso e intensidade. HIIT vs contínuo, efeito EPOC e por que o display pode estar errado.","146","OK","OK"
"/beneficios-bicicleta-ergometrica/emagrecer-com-bicicleta-ergometrica/","Emagrecer com Bicicleta Ergométrica","35","Como usar a bicicleta ergométrica para emagrecer: protocolo de 8 semanas, gasto calórico por perfil e combinação ideal com controle alimentar.","142","OK","OK"
"/blog/","Blog: Bicicleta Ergométrica","27","Artigos e guias sobre bicicleta ergométrica: comparativos, erros comuns, manutenção, montagem e treinos para iniciantes e usuários experientes.","143","OK","OK"
"/como-escolher-bicicleta-ergometrica/","Como Escolher Bicicleta Ergométrica","35","7 critérios para escolher a bicicleta ergométrica certa: peso suportado, tipo de resistência, conectividade e espaço disponível. Evite os erros mais comuns.","156","OK","LONGO"
"/como-escolher-bicicleta-ergometrica/bicicleta-ergometrica-com-bluetooth/","Bicicleta Ergométrica com Bluetooth","35","Como funciona o bluetooth na bicicleta ergométrica, quais apps são compatíveis e diferença entre BLE e ANT+. Modelos com conectividade real no Brasil.","150","OK","OK"
"/como-escolher-bicicleta-ergometrica/bicicleta-ergometrica-com-programas/","Bicicleta com Programas de Treino","33","Como funcionam os programas de treino na bicicleta ergométrica, quantos são necessários e como usar fat burn, cardio e HIIT no painel digital.","142","OK","OK"
"/como-escolher-bicicleta-ergometrica/bicicleta-ergometrica-para-apartamento/","Bicicleta Ergométrica para Apartamento","38","Como escolher bicicleta ergométrica para apartamento: dimensões ideais, resistência magnética silenciosa e como reduzir ruído para os vizinhos.","143","OK","OK"
"/como-escolher-bicicleta-ergometrica/bicicleta-ergometrica-para-gestantes/","Bicicleta Ergométrica para Gestantes: É Seguro e Como Usar","58","Bicicleta ergométrica na gestação: qual tipo é mais seguro, intensidade recomendada pelo ACOG e critérios de compra por trimestre para grávidas.","144","OK","OK"
"/como-escolher-bicicleta-ergometrica/bicicleta-ergometrica-para-idosos/","Bicicleta Ergométrica para Idosos","33","Melhor bicicleta ergométrica para idosos: modelo horizontal ou recumbente, segurança, intensidade recomendada e critérios de compra por perfil.","143","OK","OK"
"/como-escolher-bicicleta-ergometrica/bicicleta-ergometrica-para-iniciantes/","Bicicleta Ergométrica para Iniciantes: Qual Comprar e Como Começar","66","Guia para iniciantes: qual bicicleta ergométrica comprar, resistência magnética vs mecânica, quanto investir e como estruturar as primeiras semanas de treino.","158","LONGO","LONGO"
"/como-escolher-bicicleta-ergometrica/peso-suportado-bicicleta-ergometrica/","Peso Suportado da Bicicleta Ergométrica","39","Como calcular o peso suportado mínimo seguro da bicicleta ergométrica. Tabela por faixa de peso e o que acontece ao usar acima do limite declarado.","147","OK","OK"
"/como-usar-bicicleta-ergometrica/","Como Usar Bicicleta Ergométrica","31","Guia de uso da bicicleta ergométrica: regulagem do selim, zonas de frequência cardíaca, programas de treino e quanto tempo pedalar por objetivo.","144","OK","OK"
"/como-usar-bicicleta-ergometrica/bicicleta-ergometrica-emagrecimento-protocolo/","Bicicleta Ergométrica: Protocolo Emagrecer","42","Protocolo de 8 semanas combinando HIIT e treino contínuo na bicicleta ergométrica. Gasto calórico semanal e como progredir a intensidade com segurança.","151","OK","OK"
"/como-usar-bicicleta-ergometrica/frequencia-cardiaca-bicicleta-ergometrica/","Bicicleta Ergométrica: Frequência Cardíaca","42","Zonas de frequência cardíaca na bicicleta ergométrica: cálculo de FCmax, tabela por faixa etária e qual monitor usar para maior precisão nos treinos.","149","OK","OK"
"/como-usar-bicicleta-ergometrica/manutencao-bicicleta-ergometrica/","Manutenção de Bicicleta Ergométrica: Guia Completo","50","Manutenção da bicicleta ergométrica em casa: limpeza, lubrificação, aperto de parafusos, peças que desgastam e vida útil por categoria de produto.","146","OK","OK"
"/como-usar-bicicleta-ergometrica/regulagem-bicicleta-ergometrica/","Regulagem da Bicicleta Ergométrica","34","Como regular a bicicleta ergométrica passo a passo: altura do selim, guidão e posição dos pés nos pedais. Erros comuns e como corrigir cada um.","143","OK","OK"
"/como-usar-bicicleta-ergometrica/tempo-ideal-na-bicicleta-ergometrica/","Quanto Tempo Usar a Bicicleta Ergométrica","41","Quanto tempo pedalar na bicicleta ergométrica por objetivo: saúde, emagrecimento e condicionamento. Progressão semanal e sinais de sobretreino.","143","OK","OK"
"/como-usar-bicicleta-ergometrica/treino-bicicleta-ergometrica-iniciante/","Bicicleta Ergométrica para Iniciantes","37","Programa de 4 semanas para iniciantes na bicicleta ergométrica: resistência, duração, cadência e como progredir sem lesões nas primeiras semanas.","145","OK","OK"
"/melhores-bicicletas-ergometricas/","Melhores Bicicletas Ergométricas 2026","37","Ranking das melhores bicicletas ergométricas por marca e faixa de preço: Gallant, Kikos, WCT Fitness, Dream Fitness, Randers e mais comparadas.","143","OK","OK"
"/melhores-bicicletas-ergometricas/acte-sports/","Acte Sports: Bicicleta Ergométrica E16 e E26","44","Análise dos modelos Acte Sports no Brasil: E16 Spinning, E32 e E26 Magnética. Preços, avaliações e qual modelo tem melhor custo-benefício.","138","OK","CURTO"
"/melhores-bicicletas-ergometricas/athletic/","Athletic: Bicicleta Ergométrica Advanced e Pro","46","Análise dos modelos Athletic no Brasil: Bike Light, Advanced e Pro. Garantia de 2 anos, suporte até 150kg e melhor opção para uso intensivo.","140","OK","OK"
"/melhores-bicicletas-ergometricas/dream-fitness/","Dream Fitness: Bicicleta Ergométrica EX 450","43","Análise dos modelos Dream Fitness no Brasil: EX 450, Max V e Energy V. Especificações, preços e para qual perfil de uso cada modelo é mais indicado.","148","OK","OK"
"/melhores-bicicletas-ergometricas/gallant/","Gallant: Bicicleta Ergométrica Elite Pro e Elite X","50","Modelos Gallant no Brasil: Elite Pro 13kg, Elite X Magnética e Smart 18kg. Especificações, preços e qual modelo escolher por perfil de uso.","139","OK","CURTO"
"/melhores-bicicletas-ergometricas/kikos/","Kikos: Bicicleta Ergométrica FB 180i","36","Modelos Kikos no Brasil: FB 180i com bluetooth, BIO-800 e Premium 2200. Especificações técnicas, preço e custo-benefício por perfil de uso.","139","OK","CURTO"
"/melhores-bicicletas-ergometricas/kikos/fb-180i/","Kikos FB 180i: Análise Completa, Especificações e Vale a Pena?","62","Análise da Kikos FB 180i: bluetooth BLE, 16 níveis de resistência magnética, suporte até 110 kg e app FitShow. Especificações técnicas, prós e contras.","151","LONGO","OK"
"/melhores-bicicletas-ergometricas/melhor-custo-beneficio/","Custo-Benefício: Bicicleta Ergométrica","38","Como calcular o custo-benefício real de uma bicicleta ergométrica. Ranking por faixa de preço e custo anual por modelo para fazer a melhor escolha.","147","OK","OK"
"/melhores-bicicletas-ergometricas/movement/","Movement: Bicicleta Ergométrica e Spinning","42","Análise das bikes Movement no Brasil: modelos C2, V4 e C3. Resistência magnética, spinning e melhor opção por perfil de uso e orçamento.","136","OK","CURTO"
"/melhores-bicicletas-ergometricas/odin-fit/","Odin Fit: Bicicleta Spinning Sprint e Chase","43","Análise das bikes Odin Fit no Brasil: Sprint 13kg, Chase 5kg, Stage e Cadence X dobrável. Preços, especificações e qual modelo escolher por objetivo.","149","OK","OK"
"/melhores-bicicletas-ergometricas/podiumfit/","PodiumFit: Bicicleta X-BIKE e Pro Royale","40","Análise dos modelos PodiumFit no Brasil: X-BIKE 100, V90 Magnética, H100 Horizontal e Pro Royale. Especificações e melhor custo-benefício por perfil.","149","OK","OK"
"/melhores-bicicletas-ergometricas/poli-sports/","Poli Sports: Bicicleta Ergométrica POLI-163","43","Análise dos modelos Poli Sports e Polimet no Brasil: POLI-163, BP-770 e BH3800 horizontal. Custo-benefício para iniciantes e uso domiciliar leve.","145","OK","OK"
"/melhores-bicicletas-ergometricas/randers/","Randers BRF-1800: Bicicleta Ergométrica","39","Análise dos modelos Randers no Brasil: BRF-800, BRF-1200 e BRF-1800. Resistência magnética, preços e para qual perfil de uso cada modelo se aplica.","147","OK","OK"
"/melhores-bicicletas-ergometricas/randers/brf-1800/","Randers BRF-1800: Análise Completa, Especificações e Vale a Pena?","65","Análise da Randers BRF-1800: 16 níveis de resistência magnética, suporte até 120 kg e 12 programas automáticos. Prós, contras e perfil recomendado.","147","LONGO","OK"
"/melhores-bicicletas-ergometricas/randers-vs-kikos/","Randers vs Kikos: Qual Bicicleta Ergométrica Comprar em 2026?","61","Randers vs Kikos: comparativo de modelos equivalentes, especificações técnicas, preços, bluetooth e para qual perfil de uso cada marca é mais indicada.","151","LONGO","OK"
"/melhores-bicicletas-ergometricas/technogym/","Technogym: Bicicleta Ergométrica Profissional","45","Technogym no Brasil: Excite Bike e Mycycling — quando o investimento premium se justifica e quais alternativas oferecem melhor custo-benefício.","143","OK","OK"
"/melhores-bicicletas-ergometricas/wct-fitness/","WCT Fitness: Bicicleta Spinning 13kg e 20kg","43","Análise das bikes de spinning WCT Fitness: modelos 6kg, 13kg e 20kg. Qual roda de inércia escolher por objetivo e frequência de treino no Brasil.","145","OK","OK"
"/melhores-bicicletas-ergometricas/wellness/","Wellness: Bicicleta Health Bike","31","Linha Wellness Health Bike no Brasil: Essential, Pro e Premium. Resistência magnética, design premium e suporte até 150 kg para uso domiciliar.","143","OK","OK"
"/metodologia/","Metodologia de Avaliação — Como Analisamos Bicicletas Ergométricas","66","Critérios do BicicletasErgometricas.com para recomendar bicicletas ergométricas: especificações técnicas, ergonomia, garantia e avaliações verificadas.","151","LONGO","OK"
"/politica-de-privacidade/","Política de Privacidade","23","Política de privacidade do BicicletasErgometricas.com: como coletamos, usamos e protegemos seus dados.","102","OK","CURTO"
"/preco-bicicleta-ergometrica/","Preço de Bicicleta Ergométrica 2026","35","Faixas de preço por categoria de bicicleta ergométrica no Brasil: onde comprar, quando comprar e como identificar o melhor custo-benefício.","139","OK","CURTO"
"/preco-bicicleta-ergometrica/amazon-prime-day/","Bicicleta Ergométrica Amazon Prime Day 2026","43","Amazon Prime Day 2026 (1–7 de julho): guia de ofertas em bicicleta ergométrica, descontos por faixa de preço e como identificar promoções reais.","144","OK","OK"
"/preco-bicicleta-ergometrica/bicicleta-ergometrica-amazon/","Bicicleta Ergométrica na Amazon","31","Como comprar bicicleta ergométrica na Amazon com segurança: política de devolução, vantagens do Prime e melhores datas para encontrar descontos.","144","OK","OK"
"/preco-bicicleta-ergometrica/bicicleta-ergometrica-barata/","Bicicleta Ergométrica Barata até R$ 1.200","41","Melhores bicicletas ergométricas baratas no Brasil: modelos até R$ 1.200 com resistência magnética e o mínimo necessário para uso regular.","138","OK","CURTO"
"/preco-bicicleta-ergometrica/bicicleta-ergometrica-custo-beneficio/","Bicicleta Ergométrica: Custo-Benefício","38","Como calcular e comparar o custo-benefício de bicicletas ergométricas. Quais especificações justificam pagar mais e quais não valem o investimento.","147","OK","OK"
"/preco-bicicleta-ergometrica/bicicleta-ergometrica-mercado-livre/","Bicicleta Ergométrica no Mercado Livre: Como Comprar com Segurança","66","Como comprar bicicleta ergométrica no Mercado Livre com segurança: como filtrar vendedores, lojas oficiais e evitar produtos falsificados.","138","LONGO","CURTO"
"/sobre/","Sobre o BicicletasErgometricas.com","34","Rafael Souza e BicicletasErgometricas.com: quem somos, como analisamos 13 marcas desde 2022 e nossa política editorial independente de afiliados.","145","OK","OK"
"/termos-de-uso/","Termos de Uso","13","Termos de uso do BicicletasErgometricas.com: condições de navegação, responsabilidades e direitos sobre o conteúdo.","115","OK","CURTO"
"/tipos-de-bicicleta-ergometrica/","4 Tipos de Bicicleta Ergométrica","32","Diferenças entre bicicleta ergométrica vertical, horizontal, spinning e recumbente. Qual tipo escolher por objetivo e perfil físico do usuário.","143","OK","OK"
"/tipos-de-bicicleta-ergometrica/bicicleta-ergometrica-horizontal/","Bicicleta Ergométrica Horizontal: Benefícios para Joelhos e Coluna","66","Bicicleta ergométrica horizontal reduz impacto nos joelhos em até 40% vs vertical. Indicada para artrose, reabilitação e idosos. Veja os melhores modelos no Brasil.","164","LONGO","LONGO"
"/tipos-de-bicicleta-ergometrica/bicicleta-ergometrica-recumbente/","Bicicleta Ergométrica Recumbente","32","Guia da bicicleta ergométrica recumbente: benefícios para coluna e joelhos, indicações clínicas e melhores modelos disponíveis no Brasil.","137","OK","CURTO"
"/tipos-de-bicicleta-ergometrica/bicicleta-ergometrica-spinning/","Bicicleta de Spinning: Guia Completo","36","Como funciona a bicicleta de spinning, diferença para a ergométrica vertical, volante de inércia e melhores modelos para uso domiciliar no Brasil.","146","OK","OK"
"/tipos-de-bicicleta-ergometrica/bicicleta-ergometrica-vertical/","Bicicleta Ergométrica Vertical","30","O que é, como funciona e melhores modelos de bicicleta ergométrica vertical no Brasil. Critérios de compra e preços por faixa de investimento.","142","OK","OK"
"/tipos-de-bicicleta-ergometrica/vertical-vs-horizontal/","Bicicleta Ergométrica Vertical vs Horizontal: Qual Escolher?","60","Bicicleta vertical vs horizontal: diferenças técnicas, gasto calórico, músculos ativados e para qual perfil de usuário cada tipo é recomendado.","143","OK","OK"
